wallet_id,tags,total_swaps,active_days,daily_frequency,closed_positions,inflated_positions,win_rate,total_pnl_sol,avg_pnl_sol,proxy_pct,buy_sell_ratio,top_token_pct,unique_tokens
5QNhwHKr,unclassified,2000,448.0,4.5,0,0,0.0,0.0,0.0,0.0,0.66,29.6,13
ERkhuJ22,"insufficient_data,data_clipped",13,358.9,0.0,1,1,0.0,-140.755,-140.755,0.0,0.89,46.2,5
5FnCqqet,data_clipped,2000,790.2,2.5,2,2,100.0,14661.35,7330.675,0.0,0.86,36.4,24
6TYDxGmV,"proxy_bot,high_frequency,insufficient_data,market_maker",2000,1,2000.0,68,0,1.5,0.0,0.0,53.2,0.69,51.0,71
CpxFT284,"insufficient_data,market_maker",27,2.0,13.5,0,0,0.0,0.0,0.0,0.0,0.68,48.5,7
G8p5wwV4,"data_clipped,smart_candidate",829,865.4,1.0,27,6,55.6,54761.587,2028.207,0.0,0.38,41.4,37
9nnLbotN,"high_frequency,insufficient_data,data_clipped",2000,1,2000.0,40,20,42.5,56.774,1.419,0.0,0.87,33.7,221
ExA1mQUv,unclassified,458,99.8,4.6,29,0,6.9,307.472,10.602,0.0,0.46,52.1,36
DkaA821P,"data_clipped,smart_candidate",2000,407.0,4.9,5,5,100.0,2545.515,509.103,0.0,0.94,41.2,15
2HZceknw,data_clipped,2000,591.9,3.4,1,1,100.0,546.123,546.123,0.0,0.65,27.2,15
99nd7ih7,data_clipped,2000,332.3,6.0,1,1,100.0,586.107,586.107,0.0,0.82,32.1,8
8mVv6jHu,data_clipped,1303,627.1,2.1,225,2,6.7,21145.835,93.981,0.0,0.96,46.1,242
DiHjT1dA,data_clipped,2000,547.0,3.7,3,2,100.0,1795.133,598.378,0.0,0.71,24.8,14
ErgumyqT,unclassified,35,322.0,0.1,5,0,40.0,-117.663,-23.533,0.0,0.42,51.5,10
9zbBuq67,"high_frequency,insufficient_data,market_maker",2000,5.6,355.3,0,0,0.0,0.0,0.0,0.0,0.89,40.4,3
8wWW9nkf,data_clipped,1796,356.1,5.0,6,2,16.7,-1829.577,-304.93,0.0,0.3,44.4,13
HbjRwJqF,insufficient_data,9,48.5,0.2,0,0,0.0,0.0,0.0,0.0,0.88,44.1,7
Ddo2UErZ,data_clipped,136,376.9,0.4,8,3,50.0,2896.199,362.025,0.0,0.77,43.9,19
G1Fttxq6,unclassified,1690,288.6,5.9,0,0,0.0,0.0,0.0,0.0,0.01,97.6,10
8cSR7F2C,unclassified,58,31.4,1.8,3,0,33.3,26.72,8.907,0.0,0.07,67.2,7
Hq8MmCBF,"high_frequency,insufficient_data,market_maker,data_clipped",2000,4.7,429.1,4,2,75.0,829.1,207.275,0.0,0.83,41.0,8
9w2e3kpt,data_clipped,2000,373.2,5.4,51,5,35.3,1855.471,36.382,0.0,0.53,10.2,87
J6q6LiUi,"data_clipped,smart_candidate",2000,408.9,4.9,12,11,83.3,4488.29,374.024,0.0,0.8,48.0,22
FmNwhc7j,"high_frequency,insufficient_data",2000,2.5,787.1,1,0,100.0,9.777,9.777,0.0,0.98,33.8,7
9Huhh48A,"high_frequency,insufficient_data,market_maker",29,1,29.0,0,0,0.0,0.0,0.0,0.0,0.57,58.8,3
D6FN73mc,"data_clipped,smart_candidate",71,134.3,0.5,5,2,60.0,1844.159,368.832,0.0,0.52,45.1,10
DCfMe74p,insufficient_data,3,78.6,0.0,1,0,0.0,-46.81,-46.81,0.0,0.0,35.3,4
6nAPxb1e,data_clipped,2000,363.3,5.5,835,2,24.3,0.803,0.001,0.0,0.49,55.4,986
Dd1k91cW,data_clipped,2000,130.9,15.3,3,2,100.0,0.338,0.113,0.0,0.96,37.2,125
AjACU2Ai,data_clipped,1258,1230.2,1.0,60,14,50.0,3210.962,53.516,0.0,0.88,39.0,148
AWq2gEnE,data_clipped,2000,103.7,19.3,22,1,31.8,715.837,32.538,0.0,0.71,33.8,31
GP8StUXN,"high_frequency,insufficient_data,data_clipped",2000,1,2000.0,75,46,66.7,1836.415,24.486,0.0,0.85,29.4,327
D4PDeD5j,data_clipped,2000,351.0,5.7,4,2,25.0,-4591.449,-1147.862,0.0,0.0,48.1,10
DjMVxbEx,unclassified,25,537.6,0.0,0,0,0.0,0.0,0.0,0.0,0.19,47.3,9
CapuXNQo,"high_frequency,insufficient_data,data_clipped",2000,1,2000.0,31,16,54.8,95.539,3.082,0.0,0.89,33.4,202
63Xepsch,"data_clipped,smart_candidate",638,886.5,0.7,24,2,58.3,3523.114,146.796,0.0,0.27,34.7,41
58teLVHa,"insufficient_data,data_clipped",9,76.7,0.1,1,1,100.0,141.268,141.268,0.0,1.0,42.9,5
CreQJ2t9,"high_frequency,insufficient_data,market_maker,data_clipped",2000,1,2000.0,18,14,33.3,467.612,25.978,0.0,0.96,44.4,33
7vi5dyBk,"data_clipped,smart_candidate",2000,212.0,9.4,24,15,87.5,2884.833,120.201,0.0,0.9,36.7,33
GGztQqQ6,"high_frequency,insufficient_data,data_clipped",2000,1,2000.0,35,14,40.0,65.963,1.885,0.0,0.89,33.2,207
6FzAoR31,"data_clipped,smart_candidate",204,471.4,0.4,8,6,87.5,3699.214,462.402,0.0,0.6,30.2,17
BQ72nSv9,"high_frequency,insufficient_data,data_clipped",2000,1,2000.0,33,18,60.6,101.468,3.075,0.0,0.86,33.9,220
6BM5nFmM,"data_clipped,smart_candidate",2000,301.1,6.6,6,6,100.0,10398.377,1733.063,0.0,0.75,22.9,22
BpRCt7JK,"data_clipped,smart_candidate",86,368.2,0.2,6,5,66.7,76.081,12.68,0.0,0.59,41.7,14
ChJ8RviC,data_clipped,224,793.2,0.3,16,3,50.0,3827.034,239.19,0.0,0.48,36.8,25
6bAM7hbo,high_frequency,2000,98.5,20.3,16,0,37.5,-28.098,-1.756,0.0,0.82,32.9,24
FwdDPPg9,data_clipped,564,978.1,0.6,43,23,44.2,191.63,4.457,0.0,0.86,25.3,116
FBrRa74z,data_clipped,886,307.7,2.9,33,4,27.3,41679.348,1263.011,0.0,0.44,29.3,45
FJPHACc6,data_clipped,2000,547.0,3.7,1,1,100.0,425.071,425.071,0.0,0.45,24.3,21
6V2GoJqV,data_clipped,534,345.1,1.5,22,7,45.5,2749.898,124.995,0.0,0.7,36.1,37
AVCsVc2c,data_clipped,249,666.0,0.4,4,1,25.0,3721.065,930.266,0.0,0.22,44.8,24
Fe8z9Th1,data_clipped,32,198.4,0.2,3,1,66.7,-625.817,-208.606,0.0,0.55,27.2,9
6AkVuGtT,insufficient_data,6,4.3,1.4,0,0,0.0,0.0,0.0,0.0,0.11,50.0,4
DXuH9hNW,data_clipped,2000,408.1,4.9,5,2,40.0,121072.971,24214.594,0.0,0.01,32.6,18
