代币,交易次数,总投入(SOL),总套现(SOL),净利润(SOL),回报率(%),状态
7pskt3...,28,175.1,985.41,810.31,462.76,✅ 盈利
9KbgSh...,23,70.1,505.52,435.41,621.11,✅ 盈利
Hoi9Lo...,6,0.0,222.73,222.73,0.0,⚠️ 老鼠仓?
4gfNpw...,4,0.0,196.89,196.89,0.0,⚠️ 老鼠仓?
HCBmKu...,15,20.1,144.17,124.07,617.19,✅ 盈利
jkAWzP...,6,0.0,114.63,114.63,0.0,⚠️ 老鼠仓?
CZSE6F...,20,125.18,232.81,107.63,85.98,✅ 盈利
FWGC5z...,10,105.13,176.41,71.29,67.81,✅ 盈利
9F6VbP...,5,110.08,172.29,62.21,56.52,✅ 盈利
8Jx8AA...,4,100.05,146.87,46.82,46.8,✅ 盈利
JCUWgd...,3,65.05,104.96,39.91,61.35,✅ 盈利
AYWAiv...,4,5.03,36.67,31.65,629.5,✅ 盈利
BGGFZL...,4,60.05,85.68,25.63,42.68,✅ 盈利
HEPvyu...,3,15.03,36.46,21.44,142.66,✅ 盈利
C1Ky45...,4,26.05,45.32,19.27,73.97,✅ 盈利
6WByno...,2,25.03,37.56,12.53,50.08,✅ 盈利
ETv3Qt...,3,20.01,28.78,8.77,43.83,✅ 盈利
DqEMsw...,5,29.08,36.99,7.92,27.22,✅ 盈利
2JrcoY...,2,10.03,17.05,7.02,70.01,✅ 盈利
4EYxUm...,2,3.03,8.74,5.71,188.68,✅ 盈利
CPLTbY...,3,100.05,104.45,4.4,4.4,✅ 盈利
JCb9fb...,2,10.03,13.96,3.93,39.2,✅ 盈利
HCfwWX...,2,5.03,8.89,3.87,76.91,✅ 盈利
9gRaMd...,2,5.03,8.55,3.52,70.0,✅ 盈利
AMLaXJ...,2,5.03,8.54,3.51,69.88,✅ 盈利
J2QkJz...,2,3.03,6.15,3.12,103.2,✅ 盈利
6FfVoj...,2,3.03,5.92,2.89,95.49,✅ 盈利
3yti9j...,2,3.03,5.56,2.53,83.62,✅ 盈利
F6K9f9...,2,15.03,17.53,2.5,16.63,✅ 盈利
9a4mxH...,2,3.03,4.82,1.79,59.14,✅ 盈利
9DpzcM...,3,15.05,16.6,1.55,10.31,✅ 盈利
F1ejiS...,2,10.03,11.54,1.51,15.05,✅ 盈利
6UEZQB...,2,3.03,4.33,1.3,43.06,✅ 盈利
FK4yVd...,2,5.03,6.29,1.26,25.09,✅ 盈利
7ZyypE...,2,7.03,8.21,1.19,16.88,✅ 盈利
Fb7HuP...,3,10.01,11.16,1.15,11.51,✅ 盈利
CFn4aD...,2,3.03,3.97,0.94,31.12,✅ 盈利
HEoprR...,2,15.03,15.81,0.78,5.2,✅ 盈利
DAaoxS...,2,5.03,5.8,0.77,15.32,✅ 盈利
9P2MpD...,2,3.03,3.58,0.55,18.29,✅ 盈利
2zFpFk...,2,3.03,3.12,0.1,3.2,✅ 盈利
ASUmqf...,2,3.03,3.07,0.04,1.46,✅ 盈利
CMhVhh...,2,3.03,2.67,-0.35,-11.64,❌ 亏损
783ZbV...,2,3.03,2.56,-0.46,-15.36,❌ 亏损
HvHhd9...,2,4.1,3.3,-0.79,-19.33,❌ 亏损
BvRMmC...,2,10.03,9.16,-0.87,-8.66,❌ 亏损
2Cpq13...,2,10.03,9.08,-0.95,-9.48,❌ 亏损
7LNZeR...,2,3.03,2.0,-1.03,-34.06,❌ 亏损
AUtS4L...,2,3.03,1.93,-1.09,-36.16,❌ 亏损
HJnh7C...,2,3.03,1.81,-1.21,-40.05,❌ 亏损
CUdqWV...,2,3.03,1.69,-1.34,-44.19,❌ 亏损
3NK6Pg...,1,2.03,0.0,-2.03,-100.0,❌ 亏损
BwbZ99...,1,2.03,0.0,-2.03,-100.0,❌ 亏损
5hpPpQ...,1,2.03,0.0,-2.03,-100.0,❌ 亏损
W6n4Fd...,2,15.03,12.96,-2.07,-13.78,❌ 亏损
7ADCHu...,5,18.1,15.62,-2.49,-13.73,❌ 亏损
FqFqDa...,2,2.5,0.0,-2.5,-100.0,❌ 亏损
A8C3xu...,4,252.04,249.32,-2.72,-1.08,❌ 亏损
8TYsT1...,2,5.03,2.21,-2.82,-56.08,❌ 亏损
FrtEps...,3,30.05,27.05,-3.0,-9.99,❌ 亏损
AWc8uw...,3,35.05,32.03,-3.02,-8.62,❌ 亏损
H7BDwQ...,1,3.03,0.0,-3.03,-100.0,❌ 亏损
62eNTA...,1,3.03,0.0,-3.03,-100.0,❌ 亏损
FTiq3n...,1,3.03,0.0,-3.03,-100.0,❌ 亏损
3PqR1Z...,1,3.03,0.0,-3.03,-100.0,❌ 亏损
9EGX7G...,1,3.03,0.0,-3.03,-100.0,❌ 亏损
5C58z6...,1,3.03,0.0,-3.03,-100.0,❌ 亏损
JDuHg2...,1,3.03,0.0,-3.03,-100.0,❌ 亏损
2EC9RE...,1,3.03,0.0,-3.03,-100.0,❌ 亏损
EPgVd4...,2,10.03,6.85,-3.18,-31.67,❌ 亏损
5qFfuf...,2,10.03,6.53,-3.5,-34.92,❌ 亏损
AWW2Eg...,2,10.03,6.19,-3.84,-38.31,❌ 亏损
G5Rdhv...,1,5.0,0.0,-5.0,-100.0,❌ 亏损
USD1tt...,1,5.03,0.0,-5.03,-100.0,❌ 亏损
6DmK3V...,1,5.03,0.0,-5.03,-100.0,❌ 亏损
J5tfRd...,1,5.03,0.0,-5.03,-100.0,❌ 亏损
HYEqTb...,1,5.03,0.0,-5.03,-100.0,❌ 亏损
4ReW3h...,1,5.03,0.0,-5.03,-100.0,❌ 亏损
4uoXYH...,1,5.03,0.0,-5.03,-100.0,❌ 亏损
91ZVHg...,1,5.03,0.0,-5.03,-100.0,❌ 亏损
HrKphu...,1,5.03,0.0,-5.03,-100.0,❌ 亏损
BjpvUX...,1,5.03,0.0,-5.03,-100.0,❌ 亏损
9JmsZe...,1,5.03,0.0,-5.03,-100.0,❌ 亏损
2APfuD...,1,5.03,0.0,-5.03,-100.0,❌ 亏损
78tBZk...,1,5.03,0.0,-5.03,-100.0,❌ 亏损
FLtYvN...,1,5.03,0.0,-5.03,-100.0,❌ 亏损
B2Cx1W...,1,5.03,0.0,-5.03,-100.0,❌ 亏损
F3WDS4...,1,5.03,0.0,-5.03,-100.0,❌ 亏损
DaHHrK...,1,5.03,0.0,-5.03,-100.0,❌ 亏损
J4rYjk...,1,5.03,0.0,-5.03,-100.0,❌ 亏损
A9xbrM...,1,5.03,0.0,-5.03,-100.0,❌ 亏损
FTnrCX...,1,5.03,0.0,-5.03,-100.0,❌ 亏损
A98AcR...,1,5.03,0.0,-5.03,-100.0,❌ 亏损
AyXLjp...,1,5.03,0.0,-5.03,-100.0,❌ 亏损
BM323m...,1,5.03,0.0,-5.03,-100.0,❌ 亏损
HfWSYj...,1,5.03,0.0,-5.03,-100.0,❌ 亏损
6FBJ2F...,1,5.03,0.0,-5.03,-100.0,❌ 亏损
4BcaY3...,1,5.03,0.0,-5.03,-100.0,❌ 亏损
HEJMsZ...,2,25.03,19.82,-5.21,-20.82,❌ 亏损
WLZxLj...,1,6.03,0.0,-6.03,-100.0,❌ 亏损
AUsbqN...,1,6.03,0.0,-6.03,-100.0,❌ 亏损
9gERAj...,1,6.03,0.0,-6.03,-100.0,❌ 亏损
9ra2pd...,1,6.03,0.0,-6.03,-100.0,❌ 亏损
3cMkGb...,5,75.1,68.45,-6.65,-8.85,❌ 亏损
8xwpGZ...,2,7.05,0.0,-7.05,-100.0,❌ 亏损
ANDHHq...,2,7.05,0.0,-7.05,-100.0,❌ 亏损
HUDTj9...,2,25.03,17.0,-8.02,-32.06,❌ 亏损
Eo27b2...,2,15.03,7.0,-8.03,-53.42,❌ 亏损
ANPQpZ...,2,8.05,0.0,-8.05,-100.0,❌ 亏损
48Bbwb...,2,8.05,0.0,-8.05,-100.0,❌ 亏损
8nDouq...,2,8.05,0.0,-8.05,-100.0,❌ 亏损
Cfq3Ci...,2,8.05,0.0,-8.05,-100.0,❌ 亏损
6cRrci...,2,8.05,0.0,-8.05,-100.0,❌ 亏损
6H5jMk...,2,8.05,0.0,-8.05,-100.0,❌ 亏损
CxD7Vm...,2,50.03,41.59,-8.44,-16.86,❌ 亏损
8aQqGy...,4,12.08,3.43,-8.64,-71.56,❌ 亏损
7o71Vc...,2,8.71,0.0,-8.71,-100.0,❌ 亏损
H51nEH...,2,8.76,0.0,-8.76,-100.0,❌ 亏损
6b7Eg2...,3,25.05,15.89,-9.16,-36.56,❌ 亏损
FU3WHp...,1,10.03,0.0,-10.03,-100.0,❌ 亏损
CTy5ZY...,1,10.03,0.0,-10.03,-100.0,❌ 亏损
3FBowP...,1,10.03,0.0,-10.03,-100.0,❌ 亏损
Bcz4bU...,1,10.03,0.0,-10.03,-100.0,❌ 亏损
L8QqxC...,1,10.03,0.0,-10.03,-100.0,❌ 亏损
FtTSDN...,1,10.03,0.0,-10.03,-100.0,❌ 亏损
85aDht...,1,10.03,0.0,-10.03,-100.0,❌ 亏损
FbJZW6...,1,10.03,0.0,-10.03,-100.0,❌ 亏损
E6dweJ...,1,10.03,0.0,-10.03,-100.0,❌ 亏损
FWvRt7...,1,10.03,0.0,-10.03,-100.0,❌ 亏损
p3wGjM...,1,10.03,0.0,-10.03,-100.0,❌ 亏损
EoJRrJ...,1,10.03,0.0,-10.03,-100.0,❌ 亏损
4hhPMh...,1,10.03,0.0,-10.03,-100.0,❌ 亏损
4iVXoa...,1,10.03,0.0,-10.03,-100.0,❌ 亏损
AToZwP...,1,10.03,0.0,-10.03,-100.0,❌ 亏损
7schhB...,1,10.03,0.0,-10.03,-100.0,❌ 亏损
GeiAMH...,1,10.03,0.0,-10.03,-100.0,❌ 亏损
aTPu8c...,1,10.03,0.0,-10.03,-100.0,❌ 亏损
8h6t1S...,1,10.03,0.0,-10.03,-100.0,❌ 亏损
BdmQum...,1,10.03,0.0,-10.03,-100.0,❌ 亏损
DmKsJc...,1,10.03,0.0,-10.03,-100.0,❌ 亏损
9xXTUA...,2,10.05,0.0,-10.05,-100.0,❌ 亏损
4j2y5L...,2,10.05,0.0,-10.05,-100.0,❌ 亏损
5tJbkj...,2,15.0,4.87,-10.13,-67.53,❌ 亏损
yPg8Hy...,2,50.03,39.4,-10.63,-21.24,❌ 亏损
mkvXiN...,3,100.05,88.46,-11.6,-11.59,❌ 亏损
62Csqu...,3,75.05,63.16,-11.89,-15.85,❌ 亏损
2akXpu...,3,100.05,87.37,-12.69,-12.68,❌ 亏损
4KdRXL...,2,25.03,12.33,-12.7,-50.74,❌ 亏损
2dTj1m...,2,13.05,0.0,-13.05,-100.0,❌ 亏损
675nAc...,2,25.03,11.97,-13.06,-52.17,❌ 亏损
Eiog5m...,2,30.03,16.23,-13.8,-45.96,❌ 亏损
8dXhKv...,1,15.0,0.0,-15.0,-100.0,❌ 亏损
6MWw4y...,1,15.03,0.0,-15.03,-100.0,❌ 亏损
FinGXg...,1,15.03,0.0,-15.03,-100.0,❌ 亏损
Gpm4MP...,1,15.03,0.0,-15.03,-100.0,❌ 亏损
BNXQqg...,1,15.03,0.0,-15.03,-100.0,❌ 亏损
Anarbv...,1,15.03,0.0,-15.03,-100.0,❌ 亏损
6fpdVs...,1,15.03,0.0,-15.03,-100.0,❌ 亏损
3eKEQD...,1,15.03,0.0,-15.03,-100.0,❌ 亏损
5AV1wk...,1,15.03,0.0,-15.03,-100.0,❌ 亏损
CBbxJi...,1,15.03,0.0,-15.03,-100.0,❌ 亏损
GJ3n4o...,1,15.03,0.0,-15.03,-100.0,❌ 亏损
buUdkQ...,2,15.05,0.0,-15.05,-100.0,❌ 亏损
8iQa3G...,2,15.05,0.0,-15.05,-100.0,❌ 亏损
2PyDpA...,2,15.05,0.0,-15.05,-100.0,❌ 亏损
Hj1ARC...,1,16.03,0.0,-16.03,-100.0,❌ 亏损
GdCN7r...,7,100.01,83.08,-16.94,-16.94,❌ 亏损
7XZ2kx...,4,17.1,0.0,-17.1,-100.0,❌ 亏损
8G5ayE...,3,65.05,47.4,-17.65,-27.13,❌ 亏损
EuVEsE...,3,25.05,6.31,-18.75,-74.83,❌ 亏损
EwEJ5R...,4,75.08,55.81,-19.27,-25.67,❌ 亏损
GB8KtQ...,6,125.1,105.65,-19.45,-15.55,❌ 亏损
9CrY7P...,4,85.08,65.54,-19.53,-22.96,❌ 亏损
9YnfbE...,1,20.03,0.0,-20.03,-100.0,❌ 亏损
7SViZy...,2,20.05,0.0,-20.05,-100.0,❌ 亏损
7ShpW2...,2,20.05,0.0,-20.05,-100.0,❌ 亏损
H3gHmx...,2,20.05,0.0,-20.05,-100.0,❌ 亏损
2HgnNF...,2,20.05,0.0,-20.05,-100.0,❌ 亏损
5YuYWm...,2,20.05,0.0,-20.05,-100.0,❌ 亏损
CHv6YR...,3,20.08,0.0,-20.08,-100.0,❌ 亏损
Eu8qFQ...,2,40.03,18.24,-21.79,-54.43,❌ 亏损
775Mix...,2,22.05,0.0,-22.05,-100.0,❌ 亏损
7iX4yQ...,3,60.05,37.74,-22.32,-37.16,❌ 亏损
5pXCgi...,8,105.18,81.98,-23.2,-22.06,❌ 亏损
G63pAY...,3,24.08,0.0,-24.08,-100.0,❌ 亏损
71UkQt...,2,50.03,25.59,-24.44,-48.85,❌ 亏损
FWGCzb...,1,25.03,0.0,-25.03,-100.0,❌ 亏损
6w3zcz...,1,25.03,0.0,-25.03,-100.0,❌ 亏损
oPoDVf...,2,25.05,0.0,-25.05,-100.0,❌ 亏损
HfzQGi...,4,25.1,0.0,-25.1,-100.0,❌ 亏损
8J69rb...,9,304.76,278.52,-26.25,-8.61,❌ 亏损
8ZNks2...,2,50.03,21.57,-28.45,-56.88,❌ 亏损
5zCETi...,4,150.08,120.81,-29.27,-19.5,❌ 亏损
Gj4Tow...,3,100.05,70.68,-29.37,-29.35,❌ 亏损
EwcVck...,2,50.03,20.35,-29.68,-59.33,❌ 亏损
FD9XWD...,1,30.03,0.0,-30.03,-100.0,❌ 亏损
CC45Mr...,2,30.05,0.0,-30.05,-100.0,❌ 亏损
822Xz3...,2,30.05,0.0,-30.05,-100.0,❌ 亏损
B4Vega...,2,30.05,0.0,-30.05,-100.0,❌ 亏损
EVuD9n...,2,30.05,0.0,-30.05,-100.0,❌ 亏损
8SQkCj...,4,49.08,16.53,-32.55,-66.32,❌ 亏损
3AJoy3...,2,50.03,17.17,-32.86,-65.69,❌ 亏损
EKPWiL...,4,70.08,36.26,-33.82,-48.25,❌ 亏损
EtsQzM...,1,35.03,0.0,-35.03,-100.0,❌ 亏损
3d17dR...,1,35.03,0.0,-35.03,-100.0,❌ 亏损
3iTvx2...,1,35.03,0.0,-35.03,-100.0,❌ 亏损
DRF1iH...,2,35.05,0.0,-35.05,-100.0,❌ 亏损
76bzTf...,3,50.05,12.4,-37.65,-75.22,❌ 亏损
HkBWJJ...,6,125.13,87.05,-38.08,-30.43,❌ 亏损
5ME6tB...,3,52.05,13.46,-38.59,-74.13,❌ 亏损
61Wj56...,7,250.13,210.11,-40.01,-16.0,❌ 亏损
CMx7yo...,1,40.03,0.0,-40.03,-100.0,❌ 亏损
DNEnzH...,2,40.05,0.0,-40.05,-100.0,❌ 亏损
69Y2QN...,2,40.05,0.0,-40.05,-100.0,❌ 亏损
CcYZTC...,2,40.05,0.0,-40.05,-100.0,❌ 亏损
p8vYRo...,3,40.08,0.0,-40.08,-100.0,❌ 亏损
8116V1...,7,150.13,109.04,-41.08,-27.36,❌ 亏损
81U1Pe...,5,105.1,55.65,-49.45,-47.05,❌ 亏损
AdNDw9...,6,200.1,150.07,-50.03,-25.0,❌ 亏损
srfmZP...,3,50.08,0.0,-50.08,-100.0,❌ 亏损
HFtLLo...,4,50.1,0.0,-50.1,-100.0,❌ 亏损
HWbNnW...,7,95.13,44.66,-50.47,-53.05,❌ 亏损
HiNkp9...,6,150.13,95.42,-54.71,-36.44,❌ 亏损
GJfeJt...,2,60.05,0.0,-60.05,-100.0,❌ 亏损
43uGwc...,6,61.15,0.0,-61.15,-100.0,❌ 亏损
GLy5g8...,4,110.08,46.77,-63.31,-57.51,❌ 亏损
132dLE...,2,65.05,0.0,-65.05,-100.0,❌ 亏损
GNkt1T...,4,65.1,0.0,-65.1,-100.0,❌ 亏损
FYtP5A...,2,75.05,0.0,-75.05,-100.0,❌ 亏损
B1rGc4...,3,75.08,0.0,-75.08,-100.0,❌ 亏损
Bw4hEZ...,5,125.1,47.69,-77.41,-61.88,❌ 亏损
7wyW93...,3,80.08,0.0,-80.08,-100.0,❌ 亏损
DNnzST...,7,145.15,60.52,-84.63,-58.31,❌ 亏损
H941Tk...,6,90.15,0.0,-90.15,-100.0,❌ 亏损
eZBKg3...,5,140.1,47.43,-92.68,-66.15,❌ 亏损
HeMtKj...,2,100.05,0.0,-100.05,-100.0,❌ 亏损
CxWPdD...,5,200.1,98.29,-101.81,-50.88,❌ 亏损
FoZqpZ...,8,210.15,72.8,-137.35,-65.36,❌ 亏损
8PzFWy...,6,235.15,0.0,-235.15,-100.0,❌ 亏损
